{"last_download_success": 1647382739.2686992, "unseen_downloads": [], "last_download_failure": 1647463832.4242816}